AAPL,00ac0cc6-d1dd-42b3-9ea8-30f8bffe4ee2,188.28,2,2023-11-19,19:33:15,buy
AAPL,012dc07d-8840-42d0-853b-9c9a37083722,162.03,92,2023-11-19,19:24:54,sell
AAPL,017fb9cf-7f19-4145-a96b-df822addb3fa,176.12,66,2023-11-19,19:28:28,buy
AAPL,0181ee8b-a7c4-450c-b8ff-c27d97430644,171.97,66,2023-11-19,19:27:24,sell
AAPL,01a34519-e391-494e-852d-4e7229242bd0,173.39,17,2023-11-19,19:32:49,buy
AAPL,020541bd-5478-4ada-b503-d7ea8ffeba97,158.01,28,2023-11-19,19:31:22,sell
AAPL,023ccc3d-9752-4ab9-815e-e9d98db3398e,197.16,64,2023-11-19,19:34:50,buy
AAPL,023ef77d-27a7-40cf-8f95-b7fefce5481a,188.79,48,2023-11-19,19:34:09,sell
AAPL,024e45da-4fcb-4c74-ad67-9abc270d9e8c,153.99,3,2023-11-19,19:29:18,sell
AAPL,024ff5f3-fed7-46ef-a7ab-f37d69ff3982,136.83,46,2023-11-19,19:30:35,buy
AAPL,02a994b9-d49f-404a-9a02-6767a70fad01,118.63,27,2023-11-19,19:35:32,buy
AAPL,03cb2bb7-5b03-4242-afcd-f182925b4099,182.41,93,2023-11-19,19:31:57,buy
AAPL,03d0102e-f270-4521-829d-a3a44d6ea840,105.27,75,2023-11-19,19:35:11,buy
AAPL,048765f8-e92c-42d2-894f-7c6ff19d2e00,128.05,82,2023-11-19,19:32:16,buy
AAPL,06a8e7bc-8335-4b38-b094-ef95ed05bc47,167.28,13,2023-11-19,19:30:08,sell
AAPL,06cdbd4b-f717-489c-a294-1a6197ce10ba,165.1,100,2023-11-19,19:34:40,sell
AAPL,0709c168-6c02-4489-8c6e-77b74707e301,191.15,75,2023-11-19,19:31:55,buy
AAPL,073213cc-447a-41f9-931e-ea33a6fc40b8,150.28,13,2023-11-19,19:25:22,sell
AAPL,07479e9d-e9fb-488b-a3f7-aa9faaf98de3,119.81,73,2023-11-19,19:33:22,sell
AAPL,076e9e87-a643-4168-b9db-a02654045eb8,192.48,22,2023-11-19,19:34:10,buy
AAPL,084926d4-2aac-422c-ad10-af389eefd16d,135.66,48,2023-11-19,19:29:53,buy
AAPL,09f3c116-6c09-43be-a3fb-9ae40d34d441,176.99,64,2023-11-19,19:32:06,sell
AAPL,0a5a31cf-f4d9-402f-95a7-08c2aeb6526c,140.25,56,2023-11-19,19:30:56,sell
AAPL,0ac49d2f-e85a-460b-93f7-884bfc1b60f9,178.08,1,2023-11-19,19:31:03,sell
AAPL,0b951124-c57a-4b06-8594-2a8ed5a80473,107.62,48,2023-11-19,19:31:54,sell
AAPL,0c9f88fa-eed6-4987-838b-6d3752732d5b,145.38,71,2023-11-19,19:35:25,sell
AAPL,0ca3946f-a4b1-4e88-9715-e7576d4a198e,184.08,73,2023-11-19,19:31:04,sell
AAPL,0d0e55ff-5ddd-424b-beca-36cea5eebb36,159.06,49,2023-11-19,19:34:28,sell
AAPL,0d33a6fc-7466-447f-9b4c-6288e39fddfb,119.29,42,2023-11-19,19:32:38,buy
AAPL,0d41fffd-df26-44e7-b261-56451590689d,194.62,41,2023-11-19,19:27:38,buy
AAPL,0d6e5abc-2d07-4d04-a31f-e387501a82af,138.46,29,2023-11-19,19:32:25,buy
AAPL,0d7236dd-299a-4cf0-9068-321654e3ed28,146.19,72,2023-11-19,19:25:06,sell
AAPL,0d825720-ad21-40f9-9cc5-645f4c28165c,192.8,70,2023-11-19,19:31:17,sell
AAPL,0df411c2-a989-4d56-abd6-78a3bd868e9b,195.04,37,2023-11-19,19:26:33,buy
AAPL,0dffdf31-fe98-4f49-85e0-b9d5f06df807,147.81,62,2023-11-19,19:30:10,buy
AAPL,0e6da205-c318-40e4-b423-bbd86c161b81,143.59,32,2023-11-19,19:25:40,buy
AAPL,0eaffd72-d3ff-460c-bb41-08257b8cdbd3,150.32,80,2023-11-19,19:25:07,sell
AAPL,0ecb5ed6-45d4-4d88-bf9b-de8af440af1f,167.67,5,2023-11-19,19:32:50,sell
AAPL,0ef95bed-131f-41e6-8851-e8794124cd2b,131.48,31,2023-11-19,19:35:13,buy
AAPL,0eff1f88-a556-41dd-9235-b2e15d6a637c,104.3,26,2023-11-19,19:31:43,sell
AAPL,10eb476b-ce19-4a2c-8beb-bd9c96c053e5,141.92,94,2023-11-19,19:30:33,sell
AAPL,11035c88-d059-4271-a1d8-8220428253df,145.12,65,2023-11-19,19:30:36,sell
AAPL,1183a16e-a33c-46cd-84d5-1b4bcd89ac40,121.6,29,2023-11-19,19:27:01,buy
AAPL,11e1f06c-b77a-482f-89ee-13866907efc0,163.32,69,2023-11-19,19:30:11,sell
AAPL,1218e94e-ebd6-4c40-a9d6-ebb0ac03f075,190.63,84,2023-11-19,19:25:41,sell
AAPL,12ed69e3-64ef-4d4d-8885-fc53fba536d3,160.24,86,2023-11-19,19:27:05,sell
AAPL,132a8957-4bc6-4adf-8abe-5cf0635bca10,188.16,5,2023-11-19,19:32:24,buy
AAPL,13539b9b-b5b2-440b-bf8c-ab984322c6f1,151.58,2,2023-11-19,19:25:19,buy
AAPL,1399e73c-623d-4c6d-95c9-b9644ce39ca3,124.71,76,2023-11-19,19:31:48,sell
AAPL,13d566e6-310b-4eaa-aa35-fcc676feddc3,192.79,33,2023-11-19,19:29:02,buy
AAPL,143003c2-b24d-47c5-8729-8d2f1f064782,115.59,44,2023-11-19,19:27:06,sell
AAPL,143f6bca-f236-4bae-a45c-a8b39b219141,121.14,5,2023-11-19,19:26:12,sell
AAPL,1452d319-967e-4459-8e64-7c72d8a8cfdc,197.8,62,2023-11-19,19:32:46,sell
AAPL,1524f748-b4d5-400d-95f7-40ee3654103f,174.47,59,2023-11-19,19:35:00,buy
AAPL,153e3d2a-c29c-4c78-bacc-8098a6484945,109.92,22,2023-11-19,19:29:24,sell
AAPL,155cdbf2-4cb4-4fef-8aa3-311209a004d0,118.89,10,2023-11-19,19:24:43,sell
AAPL,168cee74-2ba7-45b4-90a4-d8ac0c5e34f1,123,8,2023-11-19,19:25:58,buy
AAPL,16a4bb92-ee54-470c-800f-a8de9e5518ec,162.71,2,2023-11-19,19:27:37,buy
AAPL,17177f12-7262-4d74-bc7f-a282cb499664,168.57,35,2023-11-19,19:28:15,sell
AAPL,171ec832-49df-49f1-b8df-c01bee8fc3ed,154.24,17,2023-11-19,19:35:01,sell
AAPL,17624ba3-689c-4562-930f-b12b58e928a7,153.4,32,2023-11-19,19:25:17,sell
AAPL,17f67f0d-8f61-493c-aa40-ebf187a3af54,193.06,37,2023-11-19,19:33:42,buy
AAPL,17fe12bd-b70c-4804-9f3e-128ac70517d1,192.59,28,2023-11-19,19:27:59,buy
AAPL,189eb9ed-aa2f-459b-93d3-4b962ede5e64,145.26,21,2023-11-19,19:27:07,sell
AAPL,1901c84f-21b6-471c-9556-d4a2f3183277,192.56,32,2023-11-19,19:27:49,sell
AAPL,19065d30-3c21-4e36-819b-cbbfcec4b837,147.54,60,2023-11-19,19:29:06,buy
AAPL,194a0f08-f4e9-4c81-bc9c-02d6c66b9065,139.92,81,2023-11-19,19:34:38,sell
AAPL,19937c57-dfef-4ddc-b3b1-9596ca714294,182.35,75,2023-11-19,19:26:01,sell
AAPL,19a34b36-7291-4af5-b4cc-44a44eaa282b,197.4,7,2023-11-19,19:35:21,buy
AAPL,19ce8d81-146e-49b9-b918-f604acdf03ba,112.32,40,2023-11-19,19:34:16,buy
AAPL,1a0b913f-6b0a-44f0-a4c0-3f21581f3c66,145.21,25,2023-11-19,19:27:54,sell
AAPL,1a14044e-c81b-4c28-a16d-2309a5bccf64,187.18,65,2023-11-19,19:29:16,buy
AAPL,1a324d83-8243-43e7-9702-82cd54acb4d3,187.73,23,2023-11-19,19:29:36,buy
AAPL,1a338bea-890d-4024-9dac-25c92b23296a,114.68,94,2023-11-19,19:34:21,buy
AAPL,1a94c19c-2d9e-477a-aa53-d6df8d03f5b0,190.89,100,2023-11-19,19:33:20,sell
AAPL,1af77cf2-3646-43f2-b88d-c0e050d6c93f,191.51,49,2023-11-19,19:27:10,buy
AAPL,1b67128f-3a63-476f-a7cb-ef674511d733,146.88,12,2023-11-19,19:28:27,buy
AAPL,1bae30c0-8d90-4a9f-a16f-af60509739fb,121.58,43,2023-11-19,19:32:31,sell
AAPL,1bf26c43-fae3-469e-bd00-a48f5233300e,140.98,88,2023-11-19,19:27:43,buy
AAPL,1bff63cf-e9c0-4168-940a-178c65e72535,159.33,76,2023-11-19,19:25:23,sell
AAPL,1c024711-b120-472e-8728-67e1ced94efe,147.89,57,2023-11-19,19:32:45,sell
AAPL,1c785232-554e-4784-a848-e34db3136e86,154.86,60,2023-11-19,19:30:15,buy
AAPL,1ca25ef9-aad3-4f76-881b-dc50eb3e28c7,111.98,45,2023-11-19,19:27:04,sell
AAPL,1ce630f7-372e-4334-b300-6bcace5478d5,168.73,63,2023-11-19,19:31:49,buy
AAPL,1d338425-4965-4164-8abe-8c015e5b1bea,178.55,37,2023-11-19,19:27:57,buy
AAPL,1d36cd05-610c-4576-bcda-86f6a59e4823,149.37,62,2023-11-19,19:33:45,buy
AAPL,1d67c656-cba2-49d9-863e-9fdb237cf5cc,165.53,40,2023-11-19,19:35:27,buy
AAPL,1dc0235c-18e1-4dff-bcef-b72835414b65,183.39,99,2023-11-19,19:27:35,buy
AAPL,1e076f7f-7303-48c7-952e-074bff77eeaf,120.74,70,2023-11-19,19:28:07,sell
AAPL,1faca074-c8bc-42fc-9dee-2c22ae11ed9f,170.03,44,2023-11-19,19:26:18,buy
AAPL,20240547-4852-4c92-a812-971eb429fdee,128.05,60,2023-11-19,19:28:59,sell
AAPL,211bc8a9-e7ce-45c5-a64b-b67051b4fdea,116,86,2023-11-19,19:34:27,sell
AAPL,211e374d-039e-44b1-92b8-d403ae0781b2,181.15,77,2023-11-19,19:28:04,buy
AAPL,22bd3f40-bffd-4781-9f7c-50eae7d09ecb,136.23,56,2023-11-19,19:32:30,sell
AAPL,22bfa476-f098-466d-a0fe-a93bbda4ef69,120.57,83,2023-11-19,19:30:40,sell
AAPL,22e450ad-4e67-4993-b845-31272dca1952,182.06,37,2023-11-19,19:24:31,sell
AAPL,231cbd3d-8ec5-4fbe-84cb-1237f37cc547,161.81,12,2023-11-19,19:28:09,sell
AAPL,23212c61-3ed2-48a9-a894-e16e40671f46,100.21,47,2023-11-19,19:28:26,sell
AAPL,23bdfd25-e0af-414b-9597-2babb5a18dd7,168.16,36,2023-11-19,19:29:13,sell
AAPL,24c5ae8f-9a78-4b81-82bd-e9465f41d9ef,130.61,3,2023-11-19,19:29:22,buy
AAPL,24e1a1e7-63c9-45fc-abe4-3c8b6e23dbe1,173.67,97,2023-11-19,19:28:39,buy
AAPL,25378cb1-8cc1-4487-aa75-997e8b922247,126.93,95,2023-11-19,19:34:43,buy
AAPL,25b075a8-c560-4164-bfcf-760903f96743,125.19,91,2023-11-19,19:35:09,buy
AAPL,26593801-7d69-4334-a04e-82b2f302d717,121.02,30,2023-11-19,19:26:59,sell
AAPL,2714aa76-532a-43a0-a258-bde644cdde22,119.64,41,2023-11-19,19:28:21,buy
AAPL,271a9d91-2025-42ab-8770-40a0c3f3f3a0,144.11,6,2023-11-19,19:28:44,sell
AAPL,274e0e37-de3a-4783-91b4-52f1e59fbebb,120.05,63,2023-11-19,19:30:30,buy
AAPL,277210c6-480c-413f-91e9-bad3210255a6,135.57,55,2023-11-19,19:26:21,buy
AAPL,27942ee1-0ae2-459a-8d42-391909ca76bd,100.83,79,2023-11-19,19:31:05,sell
AAPL,285e9684-2623-4d0a-bb16-3898a0c0d6b4,192.88,32,2023-11-19,19:29:47,buy
AAPL,2a229c65-5823-46e4-9b2c-a37b263b2b53,194.8,73,2023-11-19,19:30:49,buy
AAPL,2aebc6a0-ba29-4336-af8d-1811db66a452,187.73,72,2023-11-19,19:30:53,sell
AAPL,2b2eda15-58da-4659-87de-038a1cfc1fe0,114.66,16,2023-11-19,19:34:06,sell
AAPL,2b5c0cd4-f1e1-4fcf-a37d-017d4e5f83b7,106.98,47,2023-11-19,19:30:52,sell
AAPL,2c1a65c3-508b-4378-9ee4-416f98225050,162.78,31,2023-11-19,19:29:33,buy
AAPL,2c409ae2-412c-4a9b-ab28-4988dea0eee7,107.13,18,2023-11-19,19:27:18,buy
AAPL,2c954494-b4be-48db-bb3c-a4e1775fbcf4,129.29,43,2023-11-19,19:34:05,buy
AAPL,2cab3d77-4d7f-44b8-80b9-23d968c65a5e,180.66,7,2023-11-19,19:31:13,sell
AAPL,2cad27a4-6bc4-4db9-a215-f3da1e9724fd,111.74,96,2023-11-19,19:31:15,buy
AAPL,2cdbc415-5422-47a3-abb3-30504ae5dbd8,177.82,43,2023-11-19,19:33:49,sell
AAPL,2d859ea5-f2eb-4042-94f7-ffb659d9fa72,197.25,93,2023-11-19,19:34:36,sell
AAPL,2e2110b9-b2b8-40ab-a7a0-112ee06c0016,106.17,70,2023-11-19,19:31:11,buy
AAPL,2eb75a12-dbc1-4926-b1d4-d7c70fc3b847,141.49,88,2023-11-19,19:34:56,sell
AAPL,2ec7f08f-78c4-4d06-aabe-0b1adce1b6e0,128.79,33,2023-11-19,19:33:32,sell
AAPL,2f096762-76c9-4301-853d-a0d9c7c9198e,100.66,99,2023-11-19,19:31:01,sell
AAPL,2f9204bc-96fc-4c17-9083-a70af293ed17,154.01,31,2023-11-19,19:26:16,buy
AAPL,3064429c-11bc-4a12-afa6-d74b8db72a35,165.87,2,2023-11-19,19:33:37,buy
AAPL,30af6875-b88f-4392-867e-2d4f848aa9be,172.66,96,2023-11-19,19:25:56,sell
AAPL,30fb23c1-32a0-405e-84e6-dbe9f026a4ac,198.17,63,2023-11-19,19:25:53,buy
AAPL,30fea125-0164-4403-be42-72bfc93abf35,152.16,43,2023-11-19,19:32:41,buy
AAPL,312e708a-3327-4c86-aee0-b1aefc5da404,106.04,65,2023-11-19,19:24:29,sell
AAPL,314cd200-7b01-4f65-a433-0904e1cbf87d,142.96,3,2023-11-19,19:24:50,sell
AAPL,3205658e-504d-4cf5-a415-818cc14d2b44,189.94,86,2023-11-19,19:31:51,sell
AAPL,32a0f677-13da-4b68-960a-68efe5e5bc6b,180.58,70,2023-11-19,19:29:05,buy
AAPL,3318b1e9-0b8b-4470-9fd7-7896597f63e4,146.73,69,2023-11-19,19:34:55,sell
AAPL,33dbd540-0fb5-4957-bd3f-a3f12e37fcda,139.61,33,2023-11-19,19:30:05,buy
AAPL,33ee172b-4eb6-4d7e-8e45-a4c18ff61a65,134.33,56,2023-11-19,19:28:51,buy
AAPL,3405c833-292c-4ec2-9fca-5b7c698cfe22,130.37,72,2023-11-19,19:31:41,sell
AAPL,346819dc-cae9-4663-bf51-5ba04b579637,111.87,30,2023-11-19,19:34:26,sell
AAPL,34bdd967-e268-4c89-8a76-f85643ed42e2,189.43,77,2023-11-19,19:33:17,buy
AAPL,34df790e-58bb-4f64-b65d-57fd9e9c0ca7,196.45,81,2023-11-19,19:27:27,sell
AAPL,3505807b-16ec-49f8-af9a-d6c1d4fa409c,153,4,2023-11-19,19:25:03,sell
AAPL,35134904-4a4b-4f74-a88e-2f8545da624c,162.94,39,2023-11-19,19:35:05,buy
AAPL,352dd362-0695-4956-93de-1a224d3f067c,156.11,20,2023-11-19,19:32:20,sell
AAPL,35c06c83-d133-477c-bd99-09c552315f1e,196.61,97,2023-11-19,19:30:46,buy
AAPL,35e413ab-0c55-4a7c-aa77-74173981329a,152.43,3,2023-11-19,19:31:18,sell
AAPL,36dfe79d-94f2-4682-ba7c-d9012e108bda,191.71,23,2023-11-19,19:25:09,buy
AAPL,36fd82bd-7af3-45e9-80a3-e7cb986b62c7,194.38,32,2023-11-19,19:27:53,buy
AAPL,388ba134-7145-4331-8651-4160f308263b,160.62,1,2023-11-19,19:35:14,buy
AAPL,3894f823-90bf-4f2e-8532-5009bd09a4db,136.63,68,2023-11-19,19:33:29,sell
AAPL,38ffeb0c-dbc3-40da-af67-8af4093693da,170.61,68,2023-11-19,19:30:14,buy
AAPL,39d9cd38-b7ba-4f90-af48-ec813534ee77,197.46,35,2023-11-19,19:24:47,sell
AAPL,3a3736cf-1151-4d1d-9c64-75d4567ed149,100.44,39,2023-11-19,19:26:55,sell
AAPL,3ad8f3f8-a4e4-455b-9765-04cffa2f21a3,129.17,88,2023-11-19,19:32:47,buy
AAPL,3b361279-65de-4acb-8113-dff3eb28b48d,181.93,47,2023-11-19,19:27:41,buy
AAPL,3b739d79-7af8-494c-af38-2d8f1fd92374,189.07,99,2023-11-19,19:24:48,sell
AAPL,3bb220dc-7754-4112-b6cd-c249ef9524e0,164.69,35,2023-11-19,19:32:40,sell
AAPL,3be87a6b-a280-4f86-857e-f1eaf3260f3d,187.32,34,2023-11-19,19:29:45,sell
AAPL,3c8c7ab4-3abf-4c3a-b9a3-7bc9ca97b4b6,177.04,93,2023-11-19,19:25:05,buy
AAPL,3d4034e0-e435-497b-bb8a-33214bea54b0,135.03,31,2023-11-19,19:29:28,sell
AAPL,3d522eb8-5468-4f11-8dec-f9f57facebff,148.82,47,2023-11-19,19:34:46,sell
AAPL,3d5422b7-78d7-46ce-a4aa-f365175dcba7,179.24,19,2023-11-19,19:33:28,sell
AAPL,3d6b8c5e-808f-42f1-a509-48303ca62ae0,117.21,32,2023-11-19,19:30:34,buy
AAPL,3d73e649-9d48-41cb-8579-0b3eed495349,155.56,97,2023-11-19,19:28:34,sell
AAPL,3d9b0267-82a5-4da4-a8ab-86cded3b03c6,185.42,20,2023-11-19,19:30:44,buy
AAPL,3dd7e3b1-00fd-41d7-a33e-be2c5f5934d3,140.92,80,2023-11-19,19:35:31,buy
AAPL,3dfbd0ba-d07c-4e27-9550-6aafa14e5952,116.57,90,2023-11-19,19:24:36,sell
AAPL,3e61e523-9a3a-455a-aabb-37a554cce934,105.66,19,2023-11-19,19:29:15,sell
AAPL,3f751424-a184-4f4e-936b-bcfce63183b6,134.73,59,2023-11-19,19:26:47,buy
AAPL,405c0c30-b62b-475c-bd01-bd316b0fece7,147.43,63,2023-11-19,19:31:35,sell
AAPL,40ca6e60-499e-494e-87a6-fdfa34399d3a,192.77,14,2023-11-19,19:29:25,sell
AAPL,40cd8b0d-81d9-483b-a304-8f6bb96842ac,120.73,49,2023-11-19,19:31:39,buy
AAPL,40d8a0bc-51ef-443d-95c2-acc20fed2187,150.35,62,2023-11-19,19:25:20,buy
AAPL,41809d17-feb8-4bc9-b930-a2ba5c4c0ef7,199.68,96,2023-11-19,19:27:48,sell
AAPL,42164d73-b852-479f-82f1-50921816bed6,148.43,20,2023-11-19,19:34:25,buy
AAPL,4257059a-4326-4cde-906e-4cf168635a71,173.55,97,2023-11-19,19:29:40,buy
AAPL,426f7488-bb3c-4657-b15f-7a58fc699ff4,119.16,62,2023-11-19,19:24:55,sell
AAPL,433cafe3-9c40-483c-9487-db688538bf89,149.63,57,2023-11-19,19:28:29,buy
AAPL,4347f1a1-6746-4f9e-8d2c-3530de279783,101.43,78,2023-11-19,19:25:15,sell
AAPL,43ab32a8-d0ba-4789-bf67-7ae554a9fcc7,190.96,58,2023-11-19,19:31:59,buy
AAPL,4419e265-fc2f-4aa3-8eed-7bec9bebe2dc,108.06,13,2023-11-19,19:30:55,sell
AAPL,442d9024-0fc5-4f43-8d23-93733becaa0b,154.15,2,2023-11-19,19:35:22,sell
AAPL,444111a9-525f-406c-9478-27c1a50b86aa,111.95,99,2023-11-19,19:35:26,buy
AAPL,44775e93-71f6-4284-9c41-7359cabb38b1,194.88,83,2023-11-19,19:31:21,buy
AAPL,4497c99e-0c4e-4cc7-8de6-fe261966f07c,125.75,79,2023-11-19,19:28:30,buy
AAPL,44bcc0bb-0649-475f-9f7c-dc1b4d5e972f,106.73,9,2023-11-19,19:30:19,sell
AAPL,45a58b53-494f-44f2-8abb-b0580edb5e0c,129.57,73,2023-11-19,19:28:19,sell
AAPL,45aac0a6-dcc3-44d5-8490-4064c7e23a75,130.32,13,2023-11-19,19:24:49,sell
AAPL,46bd478d-19eb-45c5-ab18-b9562e96650d,114.16,12,2023-11-19,19:25:35,buy
AAPL,46d10d3d-99c4-478c-8764-332d6c4239a7,190.69,86,2023-11-19,19:30:17,sell
AAPL,46dfa6ac-8325-4c4c-8f28-5d00b0af7929,126.78,58,2023-11-19,19:26:51,buy
AAPL,47e8e853-1ce7-45ce-80b3-fd8f1661e084,101.35,50,2023-11-19,19:25:24,buy
AAPL,47f740fa-32ce-414b-adf4-eb3c17d19f1d,192.64,9,2023-11-19,19:32:26,buy
AAPL,483bbd63-60c6-4211-9809-433ea357dc15,141.98,16,2023-11-19,19:26:37,buy
AAPL,48790bf6-42b8-49b4-b176-3323e080ebd7,160.12,17,2023-11-19,19:27:32,buy
AAPL,4918be48-e423-4a9f-bdca-973456df8f99,185.12,9,2023-11-19,19:28:52,buy
AAPL,495944d3-75a2-44be-a8ee-2b4e4f92dabb,147.71,26,2023-11-19,19:30:18,sell
AAPL,49d23982-2b30-4b47-bccb-8445c333b448,100.52,59,2023-11-19,19:24:57,sell
AAPL,49fdcf3d-c623-44f7-85a5-80c9b9186592,146.15,5,2023-11-19,19:25:26,sell
AAPL,4a1e9dd5-63e7-4678-8c70-01759b3fa930,178.45,44,2023-11-19,19:29:48,buy
AAPL,4a8516ef-0f3a-41c0-9f77-62a8c76c8bc1,147.43,9,2023-11-19,19:29:04,sell
AAPL,4af7bffd-c20d-48b2-9a08-0e30f907ff07,111.72,20,2023-11-19,19:34:35,sell
AAPL,4b0100ec-3c7a-4fb3-99a4-8efd6a21bfcb,180.22,43,2023-11-19,19:25:28,sell
AAPL,4b39f182-12d3-45d1-830b-c268b4863cd0,152.18,66,2023-11-19,19:28:17,buy
AAPL,4b608abc-3dc2-42ed-9b15-792cf2b27451,172.74,2,2023-11-19,19:29:27,sell
AAPL,4b74f85a-6687-4885-ad4e-1f6bffccdd6e,196.04,7,2023-11-19,19:34:34,sell
AAPL,4b76bf9a-9f35-4a2f-b083-afeef7680275,119.51,97,2023-11-19,19:30:02,buy
AAPL,4b944330-f44f-4662-84ed-b4d7ce94f9b5,100.99,52,2023-11-19,19:31:14,sell
AAPL,4c627882-35f8-49ba-8c51-f4ebfa3223df,183.53,41,2023-11-19,19:30:29,buy
AAPL,4d3a3b4b-7a48-48bc-8a15-b86f349bd8b6,132.38,35,2023-11-19,19:30:59,sell
AAPL,4d607f29-37a8-49d0-924a-a643f060760d,143.51,59,2023-11-19,19:26:31,buy
AAPL,4d82c18c-ad43-49de-858d-5856b3eb904d,178.73,62,2023-11-19,19:29:23,buy
AAPL,4e839df0-15d9-4a2a-aac8-899b98557c10,181.2,66,2023-11-19,19:31:25,buy
AAPL,4f3c611a-d38a-444f-9114-1f680f4e41a3,119.45,93,2023-11-19,19:29:19,sell
AAPL,4f43f2a0-fa29-4a20-bb87-d3bd9e212494,175.44,31,2023-11-19,19:26:26,buy
AAPL,4f5595ba-e202-4db0-a0c7-80af134bd1e8,102.37,88,2023-11-19,19:33:34,buy
AAPL,4f5f3779-de45-4e7b-a1b5-6fc6ca729c80,158.91,40,2023-11-19,19:33:38,sell
AAPL,50a251d0-3693-46f6-b44d-ca50d7cba566,104.47,33,2023-11-19,19:32:32,sell
AAPL,50accba6-4452-4dd2-b3b6-41814f264853,158.14,60,2023-11-19,19:34:19,sell
AAPL,50ff42fa-aef4-4241-8b19-54a23dbecd4c,182.33,43,2023-11-19,19:34:11,buy
AAPL,52538f34-1c82-4c90-97dc-8fb2ef132e8f,150.87,1,2023-11-19,19:27:28,buy
AAPL,527f9eef-cdd3-4014-8ebf-fc3e11aae955,139.04,91,2023-11-19,19:32:19,buy
AAPL,5291f2bc-52d1-4c6c-8ad9-bf5b8605172c,133.15,14,2023-11-19,19:24:39,buy
AAPL,52972b7c-7d2e-4d42-95f7-188d24b066dd,168.87,69,2023-11-19,19:34:58,sell
AAPL,529ccb40-759a-4992-8aea-21357abfc7e5,193.08,67,2023-11-19,19:30:25,sell
AAPL,52ba5d84-e7ac-47ac-afd1-d69d6ca3c99f,133.35,23,2023-11-19,19:25:27,sell
AAPL,530346d6-3592-419d-a303-bb9e4aa1cc24,131.45,86,2023-11-19,19:33:24,sell
AAPL,537268f2-beed-48f3-9c6a-d5400bb6813c,136.9,49,2023-11-19,19:29:55,sell
AAPL,54266382-ed0f-4674-8bbb-1dd7693a6058,174.23,76,2023-11-19,19:29:56,sell
AAPL,5475f08a-ce04-4113-acfd-61276f3e6a91,194.3,26,2023-11-19,19:25:55,buy
AAPL,5479ce1f-fca1-4a60-af19-7cfa4d58c4c8,146.82,86,2023-11-19,19:25:49,sell
AAPL,54d9ffd6-3f99-4698-8fea-8464932b2d16,158.17,46,2023-11-19,19:31:12,buy
AAPL,54e42953-ab47-4563-b3fd-70d34e09edae,127.04,95,2023-11-19,19:29:50,sell
AAPL,54e4c1f8-538d-4faa-9c8e-235dad733a35,140.02,4,2023-11-19,19:33:02,sell
AAPL,5635ea54-5ca9-48b8-bb81-dc5649f10492,177.91,22,2023-11-19,19:27:50,sell
AAPL,56b1203c-ef61-4c32-a9ae-3f8979e73010,128.01,60,2023-11-19,19:27:22,buy
AAPL,57109637-d121-4af5-8836-209825eee8b3,125.11,48,2023-11-19,19:28:43,sell
AAPL,589a3dd5-b384-410f-86cf-0dd8742ddc3b,109.61,86,2023-11-19,19:34:31,buy
AAPL,598e1db9-43fb-4cb3-8558-dee83450dbc9,106.67,12,2023-11-19,19:33:54,sell
AAPL,5990ba0c-2202-4d7a-8199-d3e11f5fe59f,101.3,61,2023-11-19,19:26:05,sell
AAPL,599c25dc-136d-417e-9735-360da62028fb,118.94,23,2023-11-19,19:27:00,buy
AAPL,59ad1b25-6712-405e-8da2-83fdfd4ed874,113.07,70,2023-11-19,19:24:40,buy
AAPL,5a3a5edb-e232-4520-ac90-be775ba887e9,162.7,57,2023-11-19,19:30:50,buy
AAPL,5a58ed90-e1ae-4042-a2dd-05fa7b4a2b33,184.73,32,2023-11-19,19:25:29,sell
AAPL,5a6b8d6a-469b-4ee3-ade7-971e6f6a3baa,158.93,60,2023-11-19,19:27:30,sell
AAPL,5a98411e-ac8e-4c9a-8b0c-b5dfb0b86016,159.57,100,2023-11-19,19:27:09,buy
AAPL,5ab700f9-7fff-44f2-bf83-025ec5168205,159.12,99,2023-11-19,19:33:59,buy
AAPL,5ad35cc1-6952-4840-bcef-4ffeba356214,141.48,16,2023-11-19,19:26:53,buy
AAPL,5b54f759-b7ee-474c-8db1-e5f79d8f2fec,186.39,98,2023-11-19,19:32:10,sell
AAPL,5b86bb02-92d3-4497-9d27-58cdac95ce82,182.39,20,2023-11-19,19:34:20,sell
AAPL,5d72f1fb-d30a-4498-bc4f-073a7a365309,152.12,50,2023-11-19,19:24:30,buy
AAPL,5d7b2692-cf91-4203-8630-5581e60f1b60,173.72,28,2023-11-19,19:31:19,sell
AAPL,5d834dfa-7802-49cb-83e0-b09fa26c405d,191.47,34,2023-11-19,19:26:11,sell
AAPL,5dc54124-7063-437b-a1b5-8f6ab5bd5285,162.55,66,2023-11-19,19:34:49,sell
AAPL,5e0f771d-88ca-4c07-9902-ec3315b176d3,164.62,69,2023-11-19,19:29:14,buy
AAPL,5e1e3524-edb3-4dca-968c-15fe52e6a6ba,198.83,53,2023-11-19,19:29:32,buy
AAPL,5ff48dab-5eb8-46b5-957d-f911bfe6e864,144.77,87,2023-11-19,19:28:33,buy
AAPL,60061cbf-5418-4017-abf7-238d17e148ca,160.07,19,2023-11-19,19:30:03,sell
AAPL,600b3b60-df86-4175-b1c8-639a732a12a9,107.02,15,2023-11-19,19:27:26,sell
AAPL,60423282-723f-472a-8c83-334710a4ebd9,183.22,38,2023-11-19,19:26:07,buy
AAPL,60efe3d4-dac9-4c17-be13-43bc5d16b2ad,106.91,48,2023-11-19,19:32:17,sell
AAPL,6102a02a-cdb3-4df5-aec4-fb0394f202d8,152.34,96,2023-11-19,19:32:02,buy
AAPL,61d089c0-9850-490d-b054-2bb2827b9676,128.34,92,2023-11-19,19:26:57,buy
AAPL,6282c8ba-c7ed-4e3c-8688-bdea608376db,147.9,23,2023-11-19,19:35:03,sell
AAPL,62f1437e-bfbe-4130-9fb0-2a4189523356,180.32,62,2023-11-19,19:33:11,buy
AAPL,632420d7-9147-4110-9b95-8d383c5d4012,161.76,46,2023-11-19,19:33:48,sell
AAPL,6333c1b1-29c4-4726-97bb-7fb183cfaa05,103.84,51,2023-11-19,19:32:27,buy
AAPL,635e6ed8-d6bd-4c42-9225-d85c051cf072,179.76,79,2023-11-19,19:34:39,sell
AAPL,653cf4e5-64e3-4b71-a21e-8fe231986292,153.7,18,2023-11-19,19:26:36,buy
AAPL,65404da0-ec99-4e81-ad04-d2d078636e76,139.55,69,2023-11-19,19:29:39,sell
AAPL,655326a0-b078-452f-90f6-fed72591e77e,176.29,42,2023-11-19,19:27:42,buy
AAPL,658eb86c-ee0d-468b-95f8-08db2aee188b,132.45,27,2023-11-19,19:27:46,sell
AAPL,66ebb782-9c8d-4912-abc0-9f186682987e,171.87,94,2023-11-19,19:34:30,buy
AAPL,66ee9e10-f19d-435a-bcb0-0d0fdf669b9c,159.57,28,2023-11-19,19:29:12,sell
AAPL,6776261f-571c-4943-a476-d1fe024f7ab2,197.93,91,2023-11-19,19:26:00,sell
AAPL,67866467-d756-4daa-a31f-eb7833e5bf15,108.6,9,2023-11-19,19:24:52,sell
AAPL,68613bc2-e752-41bc-b975-293fd7b6779d,140.13,37,2023-11-19,19:24:58,sell
AAPL,68fc8b2c-448b-46b8-b2d9-791ccb0e5b0b,188.62,49,2023-11-19,19:28:32,buy
AAPL,694f7523-a077-40f2-8a36-9dd486407367,125.09,63,2023-11-19,19:27:33,sell
AAPL,6af4f861-cb41-4f40-ad25-c3022c3c0e1d,164.93,22,2023-11-19,19:33:06,sell
AAPL,6c08aa4e-d080-4717-a384-735a9291aeec,138.49,19,2023-11-19,19:27:15,buy
AAPL,6c530ed3-a84b-4614-95ee-c953fc6c571d,118.05,2,2023-11-19,19:24:41,buy
AAPL,6cf1c9d8-4b1c-4161-8baa-ba0fd7cc69b2,123.63,5,2023-11-19,19:28:55,buy
AAPL,6d5a986f-5c6f-4cde-8a23-cc40a461612b,161.62,28,2023-11-19,19:32:57,buy
AAPL,6d83c835-4710-40e4-a99a-125de26be94b,108.03,50,2023-11-19,19:30:24,sell
AAPL,6fec8886-fb5d-407b-ad7b-fb8a7c839a67,181.8,19,2023-11-19,19:32:55,sell
AAPL,704e6b5c-db9f-4f32-a616-4d2d7f21b440,151.13,35,2023-11-19,19:25:47,buy
AAPL,7226b61c-0321-4169-918b-ac547ddfc4ec,149.8,30,2023-11-19,19:29:58,sell
AAPL,725fc0ae-4b5a-4d56-ad93-2af1c48201c5,182.63,44,2023-11-19,19:27:51,buy
AAPL,72642cf6-a302-47d5-be91-dcdb6975e188,116.66,67,2023-11-19,19:26:14,buy
AAPL,72bb7e56-258c-4b14-bf02-236706140054,126.21,9,2023-11-19,19:27:08,sell
AAPL,7360766d-f0d0-4e8c-9e62-e2f5fe104f6d,190.79,66,2023-11-19,19:26:09,sell
AAPL,738b5d6c-6b29-4f31-9ac0-fb0f7db1522c,171.85,47,2023-11-19,19:32:29,sell
AAPL,74a282e9-3d26-4f2b-a7e4-e6c5eb7c3a55,175.01,94,2023-11-19,19:32:23,buy
AAPL,7510108a-aa0d-4982-a229-dc4c2f5b1479,187.67,99,2023-11-19,19:29:41,buy
AAPL,7578eb55-0c9c-489e-bac4-dddaa1c5b014,115.66,45,2023-11-19,19:34:24,buy
AAPL,75a22f0b-5061-4ad5-bdf8-b4ee41546fac,145.5,93,2023-11-19,19:26:45,buy
AAPL,767554e2-1603-410a-9864-c4dcc9d360ed,131.27,19,2023-11-19,19:30:27,buy
AAPL,770d68a1-e9f2-4d61-8933-0d17f0bbd315,105.64,27,2023-11-19,19:28:46,buy
AAPL,773f058a-ecdb-4998-b712-60c8a0ffde4e,141.18,23,2023-11-19,19:25:33,sell
AAPL,774009c0-fdea-4a7e-b1fd-684bd0152516,155.81,41,2023-11-19,19:28:11,buy
AAPL,779b02ba-d971-4159-9a86-503de16e93f7,140.98,62,2023-11-19,19:27:45,sell
AAPL,77a13a10-3ca7-4d41-b646-211cb2c84ff6,137.47,21,2023-11-19,19:33:36,sell
AAPL,7804e542-db47-40a6-b289-a3de855955f6,126.13,44,2023-11-19,19:29:54,sell
AAPL,7809e224-805e-467d-ab04-85215b6952d3,151.27,62,2023-11-19,19:27:19,buy
AAPL,783512da-2b8d-4517-aafa-688f808f0667,131.2,21,2023-11-19,19:28:02,sell
AAPL,78587df1-c104-429a-a5d6-efeab6af5837,118.9,97,2023-11-19,19:34:04,buy
AAPL,78f7c153-b2c1-46c6-8838-61fdc5df366f,177.13,61,2023-11-19,19:33:14,sell
AAPL,793a1203-30c6-4af1-a752-85196527505f,123.96,65,2023-11-19,19:33:44,sell
AAPL,795ea5a0-3c8f-4977-b699-1dc66820c851,192.8,31,2023-11-19,19:29:37,sell
AAPL,7970ad79-d839-4fbc-a711-dc9138cdc569,184.47,50,2023-11-19,19:34:32,sell
AAPL,7aaee862-18ba-4b06-9cdf-503d57f95e0c,164.82,38,2023-11-19,19:24:34,sell
AAPL,7b3c1f6d-10d6-4df8-b00a-effc24bf4bcc,143.2,20,2023-11-19,19:33:52,sell
AAPL,7b75ad69-3f73-483b-aa77-fcaf478bec8a,135.64,37,2023-11-19,19:26:49,sell
AAPL,7bd79d4d-d2e7-4583-a498-8b3801b1c32c,172.58,23,2023-11-19,19:26:41,sell
AAPL,7c26f64e-245a-445d-baab-29cac255e1e8,109.85,10,2023-11-19,19:24:59,buy
AAPL,7c3e1442-acc2-4b44-a91b-03915347fc66,137.54,48,2023-11-19,19:25:30,buy
AAPL,7c6d14e7-844d-4694-a732-f1fca84baf6d,148.66,74,2023-11-19,19:33:51,sell
AAPL,7c9699f9-f392-4ad1-aeb6-0349cad54e48,135.94,33,2023-11-19,19:26:52,sell
AAPL,7cafccd4-36a4-4a37-ac73-6bb787106f4c,189.78,70,2023-11-19,19:32:00,buy
AAPL,7cf36233-5e9c-457a-abe9-9ec644bcce58,160.2,29,2023-11-19,19:26:42,sell
AAPL,7d42a894-361e-4396-9709-b487a7e53357,190.81,39,2023-11-19,19:27:13,buy
AAPL,7d472221-cbb5-41a0-84ad-7450484c6a4f,134.39,41,2023-11-19,19:31:44,sell
AAPL,7d620b36-d060-4b7f-97ca-49fe208e016a,153.85,67,2023-11-19,19:25:48,buy
AAPL,7dcfe6a1-5629-4d6c-98f2-b41c13ea6b09,116.75,1,2023-11-19,19:34:17,sell
AAPL,7e0760f3-a015-4172-95af-33150283a71f,116.47,17,2023-11-19,19:28:00,buy
AAPL,7e1e46ee-619d-4add-8075-9189d1a255e7,190.08,12,2023-11-19,19:25:01,sell
AAPL,7e521850-f2da-49a6-95a2-1d026a62e7a5,170.82,66,2023-11-19,19:34:12,buy
AAPL,7e6a3130-f7c9-4dcd-b2de-eb488e7312b2,101.24,62,2023-11-19,19:24:37,sell
AAPL,7ed1aec9-f27b-42be-90f1-867309f2c1bf,113.35,25,2023-11-19,19:25:10,buy
AAPL,7f15fb81-1b0c-4481-9c82-1c13f4b1b2da,145.63,40,2023-11-19,19:35:15,sell
AAPL,7f4dd018-b9e0-4db7-bcd9-70681adabcbc,120.42,23,2023-11-19,19:25:42,buy
AAPL,7f5fd11d-05d5-46da-8209-08f11a75b099,111.9,16,2023-11-19,19:30:12,sell
AAPL,7f948a0e-60ba-4871-9fe4-d57227b4687e,112.33,2,2023-11-19,19:30:07,buy
AAPL,802b9017-456c-4f97-bc5e-96cf13b9fc18,117.05,66,2023-11-19,19:27:20,sell
AAPL,804478b5-aa7f-426c-baaa-2568ed8b5904,170.59,16,2023-11-19,19:34:03,buy
AAPL,8076c869-3ead-439a-a04a-3e814a68b796,113.57,44,2023-11-19,19:32:05,buy
AAPL,80893940-1f78-4bef-a847-99d75882bd2c,157.42,16,2023-11-19,19:26:40,sell
AAPL,8109f9a5-5a43-47da-bb01-99254defb1ae,177.77,7,2023-11-19,19:33:41,buy
AAPL,8185007b-9919-4ea8-a184-efc224eb8138,106.06,76,2023-11-19,19:33:05,buy
AAPL,820472a3-7202-4b03-aaaf-2c61778a22f7,109.31,55,2023-11-19,19:28:23,buy
AAPL,8237f38e-f722-4fcb-8e01-9a731aefe03d,122.56,10,2023-11-19,19:26:48,sell
AAPL,828309ac-5242-43f5-9ea9-42d8ad1435e5,144.72,39,2023-11-19,19:33:40,buy
AAPL,83718552-de5c-4cd7-916e-d99eef2a509b,171.18,86,2023-11-19,19:33:58,buy
AAPL,83c3abef-80e4-42ca-8691-d6f053f967ba,158.35,20,2023-11-19,19:30:31,sell
AAPL,83e594e3-008a-4826-8bbe-20b68a044993,106.33,47,2023-11-19,19:29:42,sell
AAPL,8416244e-97cb-441e-93b7-ed98083f82fa,192.61,50,2023-11-19,19:28:37,buy
AAPL,84e09646-4056-457c-9944-2c7a3277142a,106.9,62,2023-11-19,19:33:03,buy
AAPL,84f00007-c630-4161-8fe1-db3b89ed0cd1,131.35,57,2023-11-19,19:35:17,buy
AAPL,8557db2b-ffa1-4ce0-b7be-c63e6790481f,186.13,2,2023-11-19,19:30:57,buy
AAPL,855e781c-9ca3-4dff-9c73-a12f3c059759,139.86,95,2023-11-19,19:30:45,sell
AAPL,8611f381-b689-4ff4-b6cf-f4f96bfce8cf,155.04,21,2023-11-19,19:30:13,buy
AAPL,868256d9-7b54-47a2-a0cd-e61ddefd6d24,171.22,2,2023-11-19,19:25:00,buy
AAPL,8686ef12-27ec-46a2-8934-755be25b6a8f,120.45,70,2023-11-19,19:32:04,buy
AAPL,87029c88-953e-493a-9419-c22ce24a620a,143.44,80,2023-11-19,19:28:14,sell
AAPL,870815dc-60e4-40f9-806a-286ecc6e95da,128.34,71,2023-11-19,19:27:11,buy
AAPL,87444317-06b1-434d-9ac6-89b2bfb14494,175.06,34,2023-11-19,19:29:49,buy
AAPL,874f30bb-b3ac-4b4c-8053-dc4b430232fb,162.3,35,2023-11-19,19:25:51,sell
AAPL,87701a59-bcea-41d8-a67f-56f9e6c0a7bb,126.27,11,2023-11-19,19:32:15,buy
AAPL,87a73701-eafe-414c-80a4-bf172f18a2a2,199.67,67,2023-11-19,19:29:08,buy
AAPL,88f601fd-b756-4ac2-a9d5-5c43c5e02d30,105.81,40,2023-11-19,19:29:52,sell
AAPL,894c6da7-5a8f-4ecd-ae34-a66f8493abe3,157.26,72,2023-11-19,19:31:53,buy
AAPL,8972201f-fb27-4169-b190-89d2b8ff5557,128.11,34,2023-11-19,19:27:52,sell
AAPL,897a0eda-f4fb-4ef4-bbf9-1c05cb9e40fb,111.6,25,2023-11-19,19:25:02,buy
AAPL,89a2e004-15ff-49c1-8b13-4835344d56dd,187.19,53,2023-11-19,19:25:50,sell
AAPL,8a62c320-9498-4919-a006-3490a1ee92ae,104.48,66,2023-11-19,19:26:15,buy
AAPL,8c33116f-5fea-424e-bd2f-745c54be1dfd,136.91,27,2023-11-19,19:26:04,buy
AAPL,8c3d52a7-75e8-406e-8a4c-12942d84da13,191.91,67,2023-11-19,19:35:18,sell
AAPL,8c46917f-c7ad-4520-b519-2958f45988cb,175.05,30,2023-11-19,19:30:22,buy
AAPL,8c8e4de3-0626-415b-8f84-ed8c51893f9a,194.03,33,2023-11-19,19:33:23,sell
AAPL,8d0ae44a-63a5-4562-aee7-5c5e88579fef,155.04,79,2023-11-19,19:33:30,sell
AAPL,8d40887f-c2db-4941-9456-4dc6c0c7ab2d,135.1,94,2023-11-19,19:25:36,sell
AAPL,8d552dde-541a-4b4a-92bf-da55436bcbdf,130.6,36,2023-11-19,19:34:33,buy
AAPL,8d881fa9-e4f8-4043-90aa-8f88488aa650,170.51,41,2023-11-19,19:32:54,sell
AAPL,8d908e06-177e-408b-9c26-c690a34d3467,159.88,100,2023-11-19,19:30:39,sell
AAPL,8d96366f-fb76-42bf-94f8-17ffc6fcbc41,198.18,83,2023-11-19,19:29:30,sell
AAPL,8dcbf8a5-f49c-40b5-b259-ad76c1cdb9ea,187.63,20,2023-11-19,19:27:23,buy
AAPL,8e86a479-fecd-4314-b261-c909c5345636,198.47,69,2023-11-19,19:33:04,sell
AAPL,8ea61343-12d8-4f79-bc42-bb553b536271,143.72,30,2023-11-19,19:27:17,sell
AAPL,8ef546d5-02fc-427c-996f-7dbbd0e3f60f,188.18,68,2023-11-19,19:26:25,sell
AAPL,8f08e5ac-9b6a-4587-b352-b073c03263c8,192.62,31,2023-11-19,19:32:03,buy
AAPL,8f36a315-7558-431c-9480-3c3906571edd,138.65,4,2023-11-19,19:30:04,buy
AAPL,8f390f34-cca9-43cf-b97d-63e9af13b6bb,111.98,36,2023-11-19,19:24:42,sell
AAPL,8f489ae7-1f7e-4c7c-b18e-b64c1b3d6379,113.79,79,2023-11-19,19:26:22,buy
AAPL,8fc18a6a-e21d-46c4-96c2-42fb940eef77,156.03,51,2023-11-19,19:24:53,sell
AAPL,900147fc-97e9-423f-a30d-f815473c1117,179.86,79,2023-11-19,19:33:07,buy
AAPL,9023b517-7d85-47b2-90fb-9bfe0b1e07b1,109.09,60,2023-11-19,19:31:31,buy
AAPL,90922139-f681-4ba5-b767-f06b0f2f56aa,172.68,74,2023-11-19,19:26:46,sell
AAPL,90b7156d-8789-49b1-b102-269b870a5d35,139.87,66,2023-11-19,19:34:45,sell
AAPL,90e70e79-c6eb-4dba-a728-859190b9b9ae,141.41,19,2023-11-19,19:26:44,sell
AAPL,90f7a20b-f093-415b-a9f0-633e51cb3266,186.84,37,2023-11-19,19:34:52,sell
AAPL,91dab6ff-f1db-4295-bb68-3b88e72a12e8,140.21,31,2023-11-19,19:30:47,sell
AAPL,9210cac9-e6f0-41b0-b3ac-baa595381a6c,178.21,100,2023-11-19,19:34:59,sell
AAPL,922fe288-ddb6-4199-92b1-ebe1583ee1b3,156,75,2023-11-19,19:26:38,sell
AAPL,92cfe1b2-2749-4da0-807c-f24b551c8126,171.24,38,2023-11-19,19:34:23,buy
AAPL,92f45b99-90a9-4a43-a5aa-c706fce92ad8,108.09,82,2023-11-19,19:27:40,buy
AAPL,93343f59-cee1-4c03-8dd1-0e10d80a1d98,191.73,46,2023-11-19,19:32:33,sell
AAPL,93859877-5c59-4aab-90ff-e3e5825f534a,100.46,24,2023-11-19,19:32:51,buy
AAPL,93cf2f0a-3f8d-49e6-ab85-741d4b407162,138.92,20,2023-11-19,19:33:56,buy
AAPL,94175d77-18fb-4b25-9c36-67881f8949f4,192.6,26,2023-11-19,19:34:08,sell
AAPL,9448c69f-7d48-42f4-8124-47a445ce9df2,199.98,14,2023-11-19,19:34:47,sell
AAPL,944aff55-fd6f-4530-8e11-245659e7ee75,163.65,85,2023-11-19,19:25:43,buy
AAPL,95c5c6e0-5c89-4e08-8386-7340b761bbf8,142.4,59,2023-11-19,19:29:26,sell
AAPL,96878259-cca8-4b00-850f-7253f5e61ac9,138.79,21,2023-11-19,19:35:24,sell
AAPL,970aaeec-5202-48cf-82ba-e25f24b0b187,110.99,16,2023-11-19,19:24:33,sell
AAPL,986e3715-7253-4793-87c7-55e53585801a,149.76,22,2023-11-19,19:28:12,sell
AAPL,987ecd6e-6fa5-4f83-863f-abe34d780d16,171.03,81,2023-11-19,19:24:44,sell
AAPL,9886a39a-6772-4182-93e8-8e5abe063976,189.1,71,2023-11-19,19:29:59,buy
AAPL,99641a64-9d46-42d3-8388-8567b552f3e9,150.87,96,2023-11-19,19:33:18,sell
AAPL,9976610e-6bdb-4a2f-9dff-68a4f7dca8b8,189.22,68,2023-11-19,19:25:45,buy
AAPL,99e65fe8-6a39-493d-a922-e0de9a0117fc,188.75,88,2023-11-19,19:26:29,sell
AAPL,9a04f3e0-0d42-4402-bcdf-9a4ea7ba9c37,142.82,76,2023-11-19,19:32:34,buy
AAPL,9a21f786-3417-466d-85e3-dff69110b7a8,173.34,49,2023-11-19,19:29:35,sell
AAPL,9aa359b7-b6b4-4a75-9fd3-d047d5fc7268,169.4,38,2023-11-19,19:29:11,sell
AAPL,9b2f1b4b-2fca-42c2-aba1-65f950045499,178.89,43,2023-11-19,19:28:57,sell
AAPL,9bdede9f-b2be-4da6-93f1-6958422d2d14,118.31,79,2023-11-19,19:31:08,buy
AAPL,9bec9a99-b61d-45f0-980f-f12a62a25f9a,175.83,94,2023-11-19,19:28:48,buy
AAPL,9c0732b1-11ab-4ef2-be56-f3d8c7da147f,101.86,64,2023-11-19,19:28:41,sell
AAPL,9c8a7127-049e-417f-8532-b6e06efe6aac,123.54,68,2023-11-19,19:28:53,buy
AAPL,9cd9bbd7-105c-4c32-94b6-ec365be5f518,146.52,45,2023-11-19,19:25:32,buy
AAPL,9cf76e46-73eb-4472-a600-e3fe1c551150,103.23,32,2023-11-19,19:32:01,sell
AAPL,9e7c6132-3659-4420-9ba7-a45dfa2c36e6,124.41,78,2023-11-19,19:25:13,buy
AAPL,9ef63f86-a962-40d5-9a66-41e3b5c9fb1b,144.5,82,2023-11-19,19:33:27,buy
AAPL,9f5a68e8-899a-4d2f-95d2-c773e1a91961,124.44,73,2023-11-19,19:28:24,sell
AAPL,9f7adcb2-b7b3-49ec-8d45-0cc4e9e005bf,100.92,28,2023-11-19,19:26:43,sell
AAPL,a05a1aa8-27f0-405e-956a-d4f185706032,128.9,25,2023-11-19,19:33:43,buy
AAPL,a0655ffe-d8ef-412e-81bf-d225e11f7ccf,188.42,66,2023-11-19,19:28:35,sell
AAPL,a119f977-acfc-49cd-9946-0f67ba79c912,132.23,71,2023-11-19,19:31:10,sell
AAPL,a1a3c3db-1835-4a93-b510-c10c122e9589,125.95,99,2023-11-19,19:26:02,sell
AAPL,a2152d8d-f61b-44b8-9240-37cafbe8e8df,188.53,89,2023-11-19,19:30:32,sell
AAPL,a2a60949-840e-4098-a9bd-c9cd8aa60545,158.92,82,2023-11-19,19:28:31,buy
AAPL,a32b4243-dce9-4b8f-bb43-023d50113b29,153.32,72,2023-11-19,19:34:44,buy
AAPL,a3454cf5-5ca6-492e-92ea-a2031e20316f,172.79,20,2023-11-19,19:29:10,buy
AAPL,a4704ee1-ab47-4b4d-9058-a26a0d2a4cda,179.74,66,2023-11-19,19:32:59,sell
AAPL,a4fafb17-7bb1-47f3-80ae-f8ef2bfd4c65,108.13,80,2023-11-19,19:32:08,buy
AAPL,a4feee1a-4ed2-4b66-a512-81fc76b81b5f,124.52,8,2023-11-19,19:28:06,sell
AAPL,a53c717e-865f-4b99-9539-1b83732c98f9,187.07,49,2023-11-19,19:29:43,buy
AAPL,a55980f6-bf5d-49f0-a536-e943d7df8211,157.34,70,2023-11-19,19:31:40,sell
AAPL,a5ae54a2-1fc8-4357-b64a-4a8d21534005,196.79,94,2023-11-19,19:26:30,sell
AAPL,a6078951-69a1-4301-9848-9af7ed5451cd,122.95,81,2023-11-19,19:32:21,sell
AAPL,a66ab310-10d5-4e80-87a7-e2fcb261ca30,166.95,56,2023-11-19,19:25:59,sell
AAPL,a7231e55-9c5c-4ca0-afcc-c486d304d55e,140.88,74,2023-11-19,19:24:32,buy
AAPL,a7736e41-6a54-467a-ac49-709687a9b9c7,113.27,68,2023-11-19,19:31:07,sell
AAPL,a78b241a-29c7-44e5-ac62-fd628a5e14a8,153.88,48,2023-11-19,19:35:04,buy
AAPL,a7a1cda3-f870-454d-a842-dc8f661b0f18,183.49,47,2023-11-19,19:34:29,sell
AAPL,a7edc043-0998-45f9-a710-ae8eb59811a6,164.88,43,2023-11-19,19:25:16,buy
AAPL,a82c6c33-8fd8-4fcf-86a3-dc31661ae673,111.24,89,2023-11-19,19:26:24,sell
AAPL,a84f2a06-9dfe-4ecc-ba1c-3f5bae85b3bc,128.53,78,2023-11-19,19:27:47,sell
AAPL,a8b621ba-6cf1-4f97-981d-2b2f9fc0d4f9,124.53,74,2023-11-19,19:32:12,buy
AAPL,a9669cbf-0a95-460c-bc49-377b729e38a2,177.68,91,2023-11-19,19:30:16,sell
AAPL,a97e1f50-9a03-4fd8-a510-ca1e4def85f1,127.38,55,2023-11-19,19:29:21,sell
AAPL,a9d80d12-5184-47b9-a1b2-0e7c129d7cec,187.57,18,2023-11-19,19:30:38,buy
AAPL,aa12e9a3-429a-4284-ade3-28a5dfe33477,119.77,64,2023-11-19,19:29:38,sell
AAPL,aa1b0389-064e-4646-9edd-cff81b60da2c,109.08,93,2023-11-19,19:34:54,buy
AAPL,aa5d350d-7d70-4d81-9076-2620d80cb1d8,186.95,21,2023-11-19,19:28:38,sell
AAPL,aa7072be-1d7b-4892-b635-51534bdd26a6,186.3,13,2023-11-19,19:29:51,sell
AAPL,aa8bd51f-ffe7-47a8-b851-58c6c8924c28,119.91,5,2023-11-19,19:32:22,sell
AAPL,aa9c2f7e-c641-431d-9646-c7324199bcb7,145.46,32,2023-11-19,19:31:26,buy
AAPL,aab221ed-abab-4f7c-a56e-861b0483cd67,188.89,1,2023-11-19,19:28:58,sell
AAPL,ab17f67e-936f-425d-9746-ea9132520363,176.74,39,2023-11-19,19:27:12,buy
AAPL,ab1f8f9f-3123-4d43-bca0-33b919ba4811,117.34,46,2023-11-19,19:25:11,sell
AAPL,ab23ffc0-4528-445c-956b-178a7432002a,158.73,37,2023-11-19,19:30:51,sell
AAPL,ab3d81fb-bc7a-4135-90cd-0f01c116f970,159.53,34,2023-11-19,19:28:10,sell
AAPL,ad0759c4-3ba3-47c1-9c8d-005002549618,126.99,18,2023-11-19,19:32:58,buy
AAPL,ad3abed0-4479-4da1-8573-a58dfdea8751,179.44,51,2023-11-19,19:35:23,sell
AAPL,ad98631a-4fad-42de-b638-e677ac8fb176,195.55,82,2023-11-19,19:25:04,sell
AAPL,ad9869fe-4dd1-4506-b5bf-5d0063dd8a0e,180.03,27,2023-11-19,19:34:42,sell
AAPL,ae4f1fa9-3e91-4d4e-b318-4d2136e9c4dc,174.55,93,2023-11-19,19:33:25,buy
AAPL,ae808fc1-d000-4f7e-a165-65f8f3284999,172.48,43,2023-11-19,19:30:54,buy
AAPL,aeefa586-308a-483e-adeb-d51139889c8e,188.99,64,2023-11-19,19:34:15,buy
AAPL,b02b5e2a-7248-402d-bc86-20ddfa2d3f26,128.2,35,2023-11-19,19:33:26,buy
AAPL,b0a6c28e-d1ed-4b2c-a6d2-9c6e6ec101c7,165.1,47,2023-11-19,19:34:07,sell
AAPL,b0f75b82-896d-4dc3-b4db-ef472a867f49,152.55,28,2023-11-19,19:29:46,buy
AAPL,b190deaf-8f96-4e4c-a213-e5fc82399bd9,120.67,82,2023-11-19,19:35:07,buy
AAPL,b1a774aa-e7ca-4810-a771-4ca28313bb06,181.75,75,2023-11-19,19:24:38,sell
AAPL,b28087b3-9b60-48aa-83ee-5e15bb90c7b6,152.34,90,2023-11-19,19:30:23,buy
AAPL,b2acb431-a263-42ab-8cff-f867621b9f25,150.63,92,2023-11-19,19:31:02,buy
AAPL,b39bccf0-1ec1-4d51-9eeb-def7a167aa62,174.92,90,2023-11-19,19:34:01,buy
AAPL,b43e5dfa-9e5d-4e13-a8f1-501a890230cc,158.55,98,2023-11-19,19:29:34,sell
AAPL,b465b750-0efb-41c1-95d1-8719e01fd082,159.58,68,2023-11-19,19:32:39,sell
AAPL,b4d06b52-8d80-4c81-9cd3-80252d4cfa5d,175.47,89,2023-11-19,19:30:06,sell
AAPL,b4d17efa-f1b1-4e5b-8c30-c16b4d27aea5,106.22,39,2023-11-19,19:25:39,buy
AAPL,b52eb4e5-ef1a-44ff-807d-ebe808263a22,181.33,89,2023-11-19,19:28:01,sell
AAPL,b5439f4f-7b35-4e30-ad97-24185b92b929,186.45,80,2023-11-19,19:33:21,sell
AAPL,b551c721-4446-438c-8aae-237d8512b857,158.93,65,2023-11-19,19:30:28,buy
AAPL,b5713e7a-6a3b-4691-b86c-6e3fee45c39d,162.35,74,2023-11-19,19:35:10,buy
AAPL,b5f305ff-111f-4003-b9f3-063efa049a7c,196.94,21,2023-11-19,19:26:17,buy
AAPL,b6631d7f-8d86-4e72-9df1-5c2f21d675cc,123.38,87,2023-11-19,19:31:37,sell
AAPL,b78462cc-ebf8-49a8-a709-bf8282e74f7a,121.58,38,2023-11-19,19:31:16,buy
AAPL,b7b42254-d13a-4c3e-9060-cb299401595e,115.38,9,2023-11-19,19:28:25,sell
AAPL,b81fe544-e151-40ee-a016-bb4936b65e29,103.03,86,2023-11-19,19:25:38,sell
AAPL,b8f9ed61-a83a-46e1-965f-8426fe6fb9db,140.67,94,2023-11-19,19:25:46,sell
AAPL,b9523e52-86b2-461e-b8c0-2e4f166d3a68,151.64,4,2023-11-19,19:26:03,sell
AAPL,b9f4f669-f350-4747-b544-bcf3f80d51b3,171.57,41,2023-11-19,19:34:00,sell
AAPL,ba0cfb25-57b3-4965-8cf3-31cefe1a5788,139.76,84,2023-11-19,19:32:35,buy
AAPL,ba3d09e6-8941-4063-8d9d-3433b827ed76,104.84,54,2023-11-19,19:33:46,sell
AAPL,ba436593-6856-449b-9b62-d5b73e1b91bd,141.5,14,2023-11-19,19:31:28,buy
AAPL,ba44168e-ce27-454e-9135-6494694a7625,158.96,15,2023-11-19,19:33:31,sell
AAPL,bb5dfec2-9614-4809-af35-7f3286107d52,123.64,25,2023-11-19,19:27:44,buy
AAPL,bb7bb38e-7804-4bee-9dea-f10da4358648,122.07,84,2023-11-19,19:24:35,buy
AAPL,bcf63a2c-e36a-4740-81b0-818db848495d,152.53,56,2023-11-19,19:35:19,sell
AAPL,be56a2fe-d836-43ab-aa8a-06fadd8e7662,100.55,2,2023-11-19,19:32:42,buy
AAPL,bfe91763-53b1-4a97-904e-9eaab5b21199,148.33,66,2023-11-19,19:28:18,sell
AAPL,c0680479-4c35-4283-bf39-737f775f3ac1,168.81,42,2023-11-19,19:35:20,buy
AAPL,c0867f32-099a-46fc-a2d5-51f50f7e3990,116.34,89,2023-11-19,19:28:13,buy
AAPL,c0c31dd4-6aaf-435f-968c-cea98845e3fc,116.76,92,2023-11-19,19:28:05,sell
AAPL,c16a644c-86bc-4fba-91a5-9ba58e4ceb95,134.13,78,2023-11-19,19:33:09,buy
AAPL,c255273a-0fcf-4858-96c1-a04ba479be81,150.64,25,2023-11-19,19:34:57,buy
AAPL,c2604b7c-f7e4-4c01-bdde-b83fc56d7963,177.39,87,2023-11-19,19:33:57,buy
AAPL,c2b0dce7-5ffa-4e8d-9ac8-7e34edd9dafd,137.91,18,2023-11-19,19:27:36,buy
AAPL,c2f8ac1b-ff6f-4543-8220-b3d2e6c1cfb7,163.39,89,2023-11-19,19:25:31,buy
AAPL,c311a3b5-6ec4-41cb-a3b9-a30392986aaa,153.89,43,2023-11-19,19:27:39,buy
AAPL,c313c4be-f4e6-4863-92dd-a4368e785fc0,126.79,61,2023-11-19,19:28:40,buy
AAPL,c31e692f-be16-40da-b778-9e57f8adc4be,143.3,99,2023-11-19,19:26:08,sell
AAPL,c3797e7f-7c0d-4b66-a22b-1b4db0cf1f3e,148.78,71,2023-11-19,19:34:13,buy
AAPL,c414018e-982f-4e89-8cdd-e65d011c8bfd,172.84,75,2023-11-19,19:32:52,sell
AAPL,c4cc37a1-3395-41b3-ab79-44db6b91327f,130.82,19,2023-11-19,19:35:30,buy
AAPL,c5145eee-1a36-4144-b49d-4a726376ec83,168.8,52,2023-11-19,19:29:03,sell
AAPL,c574c882-d012-496f-9379-e566f8eadc91,102.35,14,2023-11-19,19:27:56,sell
AAPL,c671cb16-af32-4743-8a47-eeeb1893982c,194.8,9,2023-11-19,19:27:14,buy
AAPL,c68a5a12-be36-4b52-8c34-17a5fd054c39,183.67,100,2023-11-19,19:28:42,buy
AAPL,c6e59d7e-97ce-4b5f-9e77-d8fdd1ccfe15,155.95,24,2023-11-19,19:28:36,sell
AAPL,c6f55f1a-ea4d-4a78-8627-704490a46022,163.79,78,2023-11-19,19:32:09,buy
AAPL,c7862bdc-d81c-45b0-92f0-ef6ce5b99399,125.17,21,2023-11-19,19:35:16,sell
AAPL,c80e7b49-9076-4f1c-b431-00642b2282f7,130.93,33,2023-11-19,19:32:36,sell
AAPL,c98f6170-2f1f-4c1d-9ca1-a044bcc70611,109.86,97,2023-11-19,19:34:37,buy
AAPL,ca539965-c7fb-46d7-ac39-b9bdfe0f79ad,126.39,49,2023-11-19,19:30:09,sell
AAPL,ca909f59-21f3-40fc-a798-561f564219f5,165.14,86,2023-11-19,19:27:02,sell
AAPL,cb2dfd70-e691-449d-a81a-aadce3fe3e75,105.6,3,2023-11-19,19:31:27,sell
AAPL,cc416267-7932-49be-b0aa-a1b703a1fd59,153.96,29,2023-11-19,19:33:55,buy
AAPL,cc894978-8178-4a0e-85e6-04ca53867f4b,172.46,38,2023-11-19,19:34:18,buy
AAPL,cd15679d-513d-48ca-9072-00c10c145f5d,133.45,70,2023-11-19,19:25:57,sell
AAPL,cd1d3107-90ff-4581-94d4-e0d7e8254283,177.86,72,2023-11-19,19:28:56,sell
AAPL,cd4f85b2-0774-4692-bda2-8559d2220605,183.95,60,2023-11-19,19:32:44,buy
AAPL,cd4fe43b-0d86-4db1-a4d2-7e6e8d286d51,115.08,26,2023-11-19,19:32:53,buy
AAPL,cd9b087e-a819-42d7-b174-865d3da11ac2,166.26,67,2023-11-19,19:31:06,buy
AAPL,cde13aad-b7f1-4a54-9e22-2528cd3e60c7,179.34,64,2023-11-19,19:28:49,sell
AAPL,cf215717-7632-45aa-9ef8-60a342f9adfb,161.34,91,2023-11-19,19:33:35,buy
AAPL,cf80715f-a232-4886-aad6-31e564ac0dce,162.48,50,2023-11-19,19:26:35,buy
AAPL,cf8cc5f3-deb8-4889-9ff5-07ebc5023d75,154.42,15,2023-11-19,19:26:54,sell
AAPL,cfc0ddbb-2b23-4174-8b7d-15878f4cb696,103.72,41,2023-11-19,19:25:18,sell
AAPL,cfee301b-8ebc-4b32-9c0a-4fb4d4a89bf0,147.18,51,2023-11-19,19:29:00,sell
AAPL,d000b408-a229-4d6e-a0dc-8272e7f58957,102.98,88,2023-11-19,19:31:45,buy
AAPL,d034b2c8-26cd-4aa6-887b-911ca5411505,157.93,25,2023-11-19,19:27:16,sell
AAPL,d0468d12-3822-4c3e-be88-b979bd89cfad,146.81,20,2023-11-19,19:25:21,sell
AAPL,d096cdef-9a4c-471e-bb7a-7758af00d89d,105.97,68,2023-11-19,19:24:56,sell
AAPL,d0a90541-4c3a-48a5-9102-8fdce1a3599b,197.54,64,2023-11-19,19:27:03,buy
AAPL,d0a98b1e-a757-41a3-af4c-5a43e60bf9bd,100.83,85,2023-11-19,19:28:47,buy
AAPL,d0d0963d-05ad-44ba-89fa-f1bdfccaf7aa,145.55,64,2023-11-19,19:35:06,buy
AAPL,d17b2999-aed2-4100-9d04-b5d6813918ac,185.98,74,2023-11-19,19:35:29,sell
AAPL,d28ecb08-b0b0-4a91-9bd0-1869d18defe7,174.54,38,2023-11-19,19:33:39,buy
AAPL,d2ddd5f2-dbaa-4a28-b852-401082f31be8,138.45,30,2023-11-19,19:33:10,buy
AAPL,d32defdb-5883-4414-9d56-635d30203a37,194.9,87,2023-11-19,19:31:42,buy
AAPL,d3362a17-ed77-4010-9989-e2e97f22bb8b,148.67,23,2023-11-19,19:33:08,sell
AAPL,d3552f43-0b9e-43b6-8e7f-38c9e121778e,176.72,30,2023-11-19,19:31:38,sell
AAPL,d3987d02-740d-4791-bbbc-102ba239a579,127.81,76,2023-11-19,19:30:37,sell
AAPL,d3ede3a5-66bf-4e3d-8dd6-e709dcff2b5c,159.08,77,2023-11-19,19:25:37,sell
AAPL,d43b66a9-f76d-4e7b-8464-6b974ae3870f,161.04,36,2023-11-19,19:29:20,buy
AAPL,d523e837-b31b-49d7-a2ce-250aaebc5234,180.58,19,2023-11-19,19:34:41,sell
AAPL,d5962429-3049-41f2-9673-54418224861b,150.05,80,2023-11-19,19:31:30,sell
AAPL,d5c88690-81f5-46d1-9038-655639d10d5b,176.29,59,2023-11-19,19:31:52,sell
AAPL,d61b0481-0c18-4bb3-ab34-054fe67c0829,187.83,8,2023-11-19,19:30:41,sell
AAPL,d74b3c1a-bf8c-4338-9ae7-d1a2e5dbbe49,197,61,2023-11-19,19:33:01,sell
AAPL,d7a85bb7-efd4-41d1-8158-d21aa4567ea4,129.46,17,2023-11-19,19:32:43,sell
AAPL,d7ec1bd8-a722-44a8-95a2-aac17da05708,170.78,25,2023-11-19,19:35:02,buy
AAPL,d86a173d-830d-4d2d-8164-2867b413bf4d,109.45,80,2023-11-19,19:27:25,sell
AAPL,d884bbd5-681e-4af2-b04e-d84513bc2b6c,185.32,63,2023-11-19,19:26:39,sell
AAPL,d8dd8f8c-5e26-489f-b238-b71557d93be1,167.91,50,2023-11-19,19:29:17,sell
AAPL,d92516a7-f4a7-405f-b5d3-61a56f3af6b8,105,64,2023-11-19,19:31:09,buy
AAPL,d936b396-36cf-4606-ab8a-8b99eaf7e7b4,152.56,13,2023-11-19,19:26:34,buy
AAPL,d967e10a-8c20-47ba-8db5-17e49db9fbc5,164.05,7,2023-11-19,19:27:31,buy
AAPL,da10e845-533c-4f94-bac1-c7b61d3fe4bd,191.79,79,2023-11-19,19:31:47,sell
AAPL,da710ae3-91c4-4200-8199-f9fa45aea8c8,122.4,78,2023-11-19,19:32:13,buy
AAPL,da75bbc4-63ec-4157-a3e9-5417ccbfed2f,100.67,88,2023-11-19,19:26:10,buy
AAPL,dad7c393-6dd4-4001-867f-b328bb104bec,140.4,3,2023-11-19,19:33:16,sell
AAPL,db196310-12f5-484c-a952-d30e163e8043,129.55,37,2023-11-19,19:29:29,sell
AAPL,db27d687-fdcc-4019-accf-1a0b96070569,134.37,9,2023-11-19,19:25:54,buy
AAPL,db558268-e4bb-4685-8ab5-c95acdc41d5d,144.08,91,2023-11-19,19:30:43,sell
AAPL,dbfa5fef-1399-4042-95b3-eb8254c2a20c,135.34,98,2023-11-19,19:31:33,buy
AAPL,dc63da82-4062-4698-9bf2-81bc5bafeca4,112.67,11,2023-11-19,19:32:18,buy
AAPL,dc67b751-559d-4bab-a950-6cec037c6f02,112.23,10,2023-11-19,19:32:14,buy
AAPL,dc84f324-cab9-48c8-8de2-3675ac6eaf5e,175.6,1,2023-11-19,19:33:00,sell
AAPL,dca28f9d-505e-45e4-b9ec-8b527d6593bb,133.56,19,2023-11-19,19:35:33,sell
AAPL,dd703de3-1755-4409-98fd-3b775f96d9fd,146.87,43,2023-11-19,19:29:31,sell
AAPL,de3e1a3a-89c4-422a-8117-e3167c0e75a8,181.37,28,2023-11-19,19:32:28,buy
AAPL,deca99a6-4677-44c3-b821-71b5c183043a,142.04,74,2023-11-19,19:30:48,buy
AAPL,df71610f-0c49-452f-9b39-d2416fab6bde,190.83,33,2023-11-19,19:26:20,sell
AAPL,dffb3e4f-b923-428d-b1ec-2491c538273f,165.7,25,2023-11-19,19:31:36,buy
AAPL,e21207d3-7f04-41ce-a4dc-8cc2ab8510d3,108.18,11,2023-11-19,19:28:08,buy
AAPL,e222ba8c-dac5-4881-886a-44d8cdf5bb5c,127.78,77,2023-11-19,19:26:13,sell
AAPL,e2c8aec7-e7df-465e-a718-19248e711370,111.56,82,2023-11-19,19:28:16,sell
AAPL,e3c75cac-4eaf-412d-ab5d-4ab23b6da389,163.95,25,2023-11-19,19:32:07,buy
AAPL,e3c82f63-67d4-407e-a4c5-2db25a45dd68,141.11,13,2023-11-19,19:30:58,sell
AAPL,e4290602-3d97-4b73-bed3-fb5a5c26bef6,179.63,38,2023-11-19,19:28:03,buy
AAPL,e5bece04-8e86-4d1f-8a86-a25ac5c3050e,192.33,29,2023-11-19,19:30:01,sell
AAPL,e5c340bb-bdfc-4f41-899a-9019a4a78271,116.87,96,2023-11-19,19:32:48,sell
AAPL,e5eca398-796e-4b94-89b7-160ef13f5628,120.72,80,2023-11-19,19:34:48,sell
AAPL,e6154403-021b-4634-a4b2-6821decb803e,128.91,43,2023-11-19,19:27:34,buy
AAPL,e69f339f-1eb3-4b5e-a9da-3f376fb897f6,153.25,4,2023-11-19,19:32:56,buy
AAPL,e818074f-2c36-4cdb-9798-3b1b3542a56a,119.42,60,2023-11-19,19:32:37,sell
AAPL,e889b405-c91c-4aa7-85b6-ba6ecd2a77cb,153.14,33,2023-11-19,19:29:57,sell
AAPL,e91beb8f-7d9c-4fed-a78b-d1445572efe5,144.99,73,2023-11-19,19:25:52,buy
AAPL,e92b4509-529a-4eea-ac8c-f4c52fd840df,119.32,80,2023-11-19,19:28:45,buy
AAPL,e96b58ee-69ca-48c7-abf7-6ec4f86784b3,177.21,36,2023-11-19,19:32:11,sell
AAPL,e9998273-f82d-426b-bb8e-6c18147f140c,178.54,19,2023-11-19,19:30:26,buy
AAPL,ea687056-330e-43b4-b98e-5616c877a2a6,190.4,99,2023-11-19,19:27:29,buy
AAPL,ea9c443f-6be5-4820-8127-2249ef8aa1f3,144.36,93,2023-11-19,19:26:19,sell
AAPL,eac35e45-324c-44ee-a36d-c13fb357dd33,183.23,17,2023-11-19,19:28:22,sell
AAPL,eb207d9b-81c2-4fcc-b3cc-4c4e140d77d7,189.23,83,2023-11-19,19:34:22,buy
AAPL,ebb23a2d-c0df-46a2-a8f1-5ffdebdd6bff,161.22,44,2023-11-19,19:26:06,sell
AAPL,ebe3f87d-c83d-4d94-9423-a663797b6b92,192.2,25,2023-11-19,19:26:32,buy
AAPL,ec2e5693-dd8c-4b19-adf7-379424a01efd,163.16,15,2023-11-19,19:29:01,sell
AAPL,ec59e2f1-9373-49c8-946a-1a07fc86ec61,121.51,93,2023-11-19,19:35:12,buy
AAPL,eca4a4b6-84b1-4d9f-8a64-295c031785a4,183.66,38,2023-11-19,19:24:51,sell
AAPL,ed469179-26f8-48e7-a8e6-37c66ab93c93,145.9,72,2023-11-19,19:34:51,buy
AAPL,ed7c4a52-ebf4-40d3-876a-27ce9233e23e,169.55,35,2023-11-19,19:25:12,buy
AAPL,eddc020a-9ffa-4afb-ab3a-c692131ef9c5,154.93,88,2023-11-19,19:34:02,buy
AAPL,ee643e6d-e007-4d97-b189-acdf59ce11a5,148.04,42,2023-11-19,19:31:23,buy
AAPL,eec4a7c9-ea41-4e79-966c-3e5fb3dbdc45,101.89,59,2023-11-19,19:29:44,sell
AAPL,efdfd11c-4c96-4f61-9b26-a6db74bb8632,176.09,21,2023-11-19,19:25:34,sell
AAPL,f023ae63-9aba-4d18-97e6-4ff42bb2d29f,114.66,44,2023-11-19,19:33:53,sell
AAPL,f06005f7-d498-44fa-9cf9-e1986b63cf46,194.47,42,2023-11-19,19:28:54,sell
AAPL,f12e4579-562e-4430-ac01-be1363f2dbfa,105.06,31,2023-11-19,19:33:19,buy
AAPL,f20f55cc-a2c2-45fa-ae68-498581c33cfe,135.33,67,2023-11-19,19:31:00,sell
AAPL,f23e11dc-31b1-47b1-abd6-eb24ac604ef2,138.72,81,2023-11-19,19:34:53,sell
AAPL,f2fac2eb-f637-4c2a-ba1b-05412662f90e,159.88,24,2023-11-19,19:30:42,buy
AAPL,f3c584f8-69f5-4280-b63c-065635fecc1d,148.8,10,2023-11-19,19:33:47,buy
AAPL,f41989cc-37b3-42d3-a234-b1075fc00e37,188.21,90,2023-11-19,19:29:07,buy
AAPL,f4533bb5-095b-4a50-9ca4-d3a6effd3348,128,57,2023-11-19,19:26:23,buy
AAPL,f475f55d-ee0e-4ebb-ba85-5ac561607256,176.28,15,2023-11-19,19:34:14,sell
AAPL,f4e8c0e3-5937-4ce6-af15-43ed4066756f,177.2,9,2023-11-19,19:35:08,buy
AAPL,f53effac-5b54-4119-b681-88a75089a6e9,124.47,41,2023-11-19,19:25:25,buy
AAPL,f58ddeec-3784-48d0-bf88-be6d5fff8a03,144.99,16,2023-11-19,19:26:28,buy
AAPL,f5abdf59-cbc3-447d-b565-7f6de83e1f92,186.14,35,2023-11-19,19:26:50,sell
AAPL,f5fb83e8-ad09-4846-9504-b06ff71d8ee9,108.52,63,2023-11-19,19:31:20,sell
AAPL,f602351b-49db-4fa8-b914-b088f09e45d1,145.38,35,2023-11-19,19:28:50,sell
AAPL,f65be18c-8511-42fe-90d6-d491b5d0a183,183.29,78,2023-11-19,19:31:24,buy
AAPL,f71c32de-90ed-43d5-b38f-f746ba1e28e1,179.68,93,2023-11-19,19:24:46,buy
AAPL,f7395a8d-9278-4012-89ac-aa4d0eba58bd,154.12,6,2023-11-19,19:33:13,sell
AAPL,f77813ac-efb8-4243-84e9-3d1be792c5d1,144.79,37,2023-11-19,19:24:45,sell
AAPL,f7be07e4-4115-4bfb-ad67-b286d2a707ee,108.73,29,2023-11-19,19:26:56,buy
AAPL,f7cde2b5-bc93-4869-b242-574d49b9c023,124.75,25,2023-11-19,19:31:32,buy
AAPL,f8b41d26-b783-4170-b6a4-a8766a0d504a,177.56,7,2023-11-19,19:31:56,sell
AAPL,f8e7c28e-d70b-4107-8ae2-cd8b223d69c0,138.24,24,2023-11-19,19:30:21,sell
AAPL,f9bb15b8-d705-40b1-a781-ec72a3dbce0c,144.24,71,2023-11-19,19:27:58,sell
AAPL,f9d1b56e-4f54-49d8-9d3f-0c0e039ff408,108.28,69,2023-11-19,19:30:00,buy
AAPL,fa9e8857-1e15-463b-a709-05db645081fc,189.99,92,2023-11-19,19:28:20,sell
AAPL,fae8999c-0f02-4c54-a14a-300cf4fec9d0,113.4,57,2023-11-19,19:25:14,sell
AAPL,fafe8fea-c8b4-4461-9625-302e94ce8575,105.14,68,2023-11-19,19:31:29,sell
AAPL,fb0b9aa5-abd7-4feb-ab70-c4b528c464d2,105.77,69,2023-11-19,19:31:50,buy
AAPL,fb1b7219-a9d4-42fb-9c3e-01a17ef6cf30,165.73,56,2023-11-19,19:25:08,buy
AAPL,fb507b09-b001-43c6-b021-7010e05eb464,107.74,17,2023-11-19,19:29:09,sell
AAPL,fbedd1a9-3594-4835-bf58-7ce90db233a0,137.7,90,2023-11-19,19:27:55,buy
AAPL,fc8e878d-e530-49bc-b503-5e45a0b3b795,195.5,42,2023-11-19,19:31:58,buy
AAPL,fcf41d14-f04f-4abd-b5cf-16160a06084f,154.27,63,2023-11-19,19:31:34,sell
AAPL,fdd47428-c1c0-4f16-8871-710f3c38974b,104.06,75,2023-11-19,19:27:21,buy
AAPL,fdd8439a-81be-4e5b-8e7c-97e0a78ab10e,128.56,22,2023-11-19,19:33:12,buy
AAPL,feca5743-3d36-4cef-8eb4-efdb99b47370,191.66,42,2023-11-19,19:33:50,sell
AAPL,fef28e2b-ff01-4f6f-8a95-245e0933467f,155.99,57,2023-11-19,19:26:27,sell
AAPL,ff365d38-2b8c-4677-95c5-5c9834e590e8,137.36,79,2023-11-19,19:33:33,sell
AAPL,ff3da3e0-564f-4ce9-ab4e-5797976ebff9,155.2,97,2023-11-19,19:30:20,buy
AAPL,ff5b3fee-481d-4b9d-86fe-18bef3ab721b,122.4,54,2023-11-19,19:26:58,buy
AAPL,ffa0dda3-6294-489c-88c4-6ba5f119be9f,115.99,86,2023-11-19,19:35:28,sell
